{
    "error_summary": [
        {
            "true_label": 1.0,
            "predicted_label": 0.0,
            "count": 1
        }
    ],
    "confidence_stats": {
        "count": 1.0,
        "mean": 0.36352068185806274,
        "std": NaN,
        "min": 0.36352068185806274,
        "25%": 0.36352068185806274,
        "50%": 0.36352068185806274,
        "75%": 0.36352068185806274,
        "max": 0.36352068185806274
    }
}