{
    "error_summary": [
        {
            "true_label": 0.0,
            "predicted_label": 1.0,
            "count": 78
        },
        {
            "true_label": 1.0,
            "predicted_label": 0.0,
            "count": 192
        }
    ],
    "confidence_stats": {
        "count": 270.0,
        "mean": 0.40542307330502403,
        "std": 0.28062811249011954,
        "min": 0.018100136891007423,
        "25%": 0.1820075958967209,
        "50%": 0.36057421565055847,
        "75%": 0.5653936862945557,
        "max": 0.9500203132629395
    }
}