{
    "error_summary": [
        {
            "true_label": 1,
            "predicted_label": 0,
            "count": 3
        }
    ],
    "confidence_stats": {
        "count": 3.0,
        "mean": 0.18525455395380655,
        "std": 0.0020125316193469437,
        "min": 0.18376041948795319,
        "25%": 0.18411031365394592,
        "50%": 0.18446020781993866,
        "75%": 0.18600162118673325,
        "max": 0.18754303455352783
    }
}