{
    "error_summary": [
        {
            "true_label": 1,
            "predicted_label": 0,
            "count": 1
        }
    ],
    "confidence_stats": {
        "count": 1.0,
        "mean": 0.0042754244059324265,
        "std": NaN,
        "min": 0.0042754244059324265,
        "25%": 0.0042754244059324265,
        "50%": 0.0042754244059324265,
        "75%": 0.0042754244059324265,
        "max": 0.0042754244059324265
    }
}