{
    "error_summary": [
        {
            "true_label": 0.0,
            "predicted_label": 1.0,
            "count": 66
        },
        {
            "true_label": 1.0,
            "predicted_label": 0.0,
            "count": 168
        }
    ],
    "confidence_stats": {
        "count": 234.0,
        "mean": 0.3129635536883178,
        "std": 0.32547824459903923,
        "min": 1.0566525361355161e-06,
        "25%": 0.020138959400355816,
        "50%": 0.19109885394573212,
        "75%": 0.5776463150978088,
        "max": 0.9990444779396057
    }
}