{
    "error_summary": [
        {
            "true_label": 0,
            "predicted_label": 1,
            "count": 276
        },
        {
            "true_label": 1,
            "predicted_label": 0,
            "count": 222
        }
    ],
    "confidence_stats": {
        "count": 498.0,
        "mean": 0.5174740057966163,
        "std": 0.2746977719095518,
        "min": 6.664460670435801e-05,
        "25%": 0.3037729859352112,
        "50%": 0.5314788818359375,
        "75%": 0.7099799811840057,
        "max": 0.9802942276000977
    }
}